Individuo,Temperatura,MO2
E1,18,9.950149429
E2,18,15.12083139
E3,18,12.35830848
E4,18,21.02543891
E5,18,24.92810605
E6,18,10.93381655
E7,18,11.4349664
E8,18,38.14839988
E9,18,7.174227809
E10,18,13.41870323
E1,32,58.4615918
E2,32,55.08079894
E3,32,53.82007349
E4,32,69.74705758
E5,32,45.11997308
E6,32,53.65835072
E7,32,52.38791233
E8,32,58.92317681
E9,32,61.99751047
E10,32,84.68935629
